invoice_id,vendor_id,po_id,amount,date,time
INV001,V005,PO033,206152,2025-01-05,13:36
INV002,V011,PO048,199313,2025-05-09,12:04
INV004,V011,PO143,171832,2025-07-08,12:06
INV005,V012,PO072,271868,2025-06-29,18:51
INV006,V007,PO058,79774,2025-05-04,18:50
INV007,V004,PO015,89736,2025-03-13,15:42
INV008,V005,PO019,156407,2025-08-25,14:00
INV009,V012,PO034,261763,2025-05-23,10:27
INV010,V006,PO125,253272,2025-05-04,16:45
INV011,V009,PO045,159161,2025-03-01,17:41
INV012,V012,PO135,191130,2025-02-28,17:49
INV013,V012,PO055,259323,2025-06-13,18:17
INV014,V005,PO106,203645,2025-08-30,10:17
INV015,V015,PO016,81202,2025-03-13,16:36
INV016,V006,PO061,262687,2025-03-25,14:01
INV017,V011,PO121,224447,2025-08-20,11:31
INV018,V008,PO005,99756,2025-01-28,13:21
INV019,V009,PO023,141886,2025-06-08,13:35
INV020,V015,PO007,92547,2025-02-20,12:05
INV023,V006,PO086,279436,2025-01-11,16:35
INV024,V010,PO126,288906,2025-04-17,16:28
INV025,V006,PO083,262933,2025-06-22,12:25
INV026,V001,PO076,240901,2025-09-01,18:23
INV027,V003,PO085,150162,2025-05-14,14:27
INV028,V002,PO079,88291,2025-05-02,16:17
INV029,V004,PO090,100579,2025-05-03,10:46
INV030,V002,PO080,99469,2025-03-12,17:48
INV031,V014,PO065,256321,2025-01-19,16:17
INV032,V013,PO129,139910,2025-09-17,17:38
INV033,V007,PO024,106360,2025-04-13,12:18
INV034,V005,PO118,244105,2025-03-07,13:00
INV035,V003,PO111,164921,2025-09-01,09:03
INV036,V004,PO051,80319,2025-06-29,11:40
INV037,V011,PO066,261641,2025-02-09,09:36
INV038,V005,PO101,173555,2025-06-01,16:21
INV039,V009,PO105,114212,2025-01-17,13:55
INV040,V002,PO095,89140,2025-03-27,10:25
INV041,V015,PO142,92296,2025-03-01,09:09
INV042,V005,PO120,260288,2025-04-05,13:05
INV043,V004,PO047,118462,2025-06-29,15:38
INV044,V010,PO014,249009,2025-07-26,12:49
INV046,V007,PO021,99696,2025-05-15,16:19
INV047,V004,PO025,146585,2025-05-30,13:36
INV048,V011,PO017,187203,2025-03-20,10:48
INV049,V007,PO068,84325,2025-08-17,13:42
INV050,V006,PO012,198996,2025-03-13,11:35
INV051,V005,PO124,154831,2025-04-25,15:28
INV052,V006,PO113,255434,2025-08-14,09:14
INV053,V008,PO098,88107,2025-02-03,16:04
INV054,V002,PO042,96175,2025-07-22,18:42
INV055,V009,PO006,118466,2025-06-15,17:14
INV056,V006,PO132,247212,2025-08-11,11:04
INV057,V015,PO094,60584,2025-08-18,13:38
INV058,V007,PO112,65576,2025-09-13,16:07
INV059,V003,PO038,142463,2025-09-08,15:17
INV060,V008,PO026,78256,2025-08-26,16:05
INV061,V007,PO150,79816,2025-02-27,15:47
INV062,V013,PO071,152102,2025-04-30,09:05
INV063,V002,PO040,105453,2025-03-11,18:37
INV064,V015,PO127,84779,2025-01-13,13:36
INV065,V014,PO059,256171,2025-06-19,11:30
INV066,V002,PO103,103026,2025-09-06,13:11
INV067,V014,PO077,224945,2025-05-30,16:05
INV068,V003,PO022,118209,2025-07-26,14:20
INV069,V001,PO052,208894,2025-08-13,14:26
INV070,V008,PO044,120095,2025-03-25,15:52
INV071,V002,PO078,92918,2025-06-20,10:20
INV072,V006,PO004,231073,2025-07-15,15:55
INV073,V012,PO073,217055,2025-04-03,09:42
INV074,V008,PO056,85569,2025-08-13,09:12
INV075,V013,PO145,111074,2025-03-16,16:40
INV076,V012,PO084,195970,2025-04-27,12:17
INV077,V005,PO138,193914,2025-04-06,13:28
INV078,V007,PO029,84811,2025-06-01,18:51
INV079,V014,PO093,233956,2025-02-04,13:35
INV080,V007,PO069,102219,2025-04-09,10:14
INV081,V002,PO088,83532,2025-03-13,10:41
INV082,V008,PO087,105649,2025-01-31,13:32
INV083,V001,PO039,245398,2025-01-14,16:30
INV084,V013,PO146,109692,2025-01-20,11:24
INV085,V012,PO001,211654,2025-02-16,17:47
INV086,V004,PO062,96066,2025-02-10,13:49
INV087,V002,PO049,70176,2025-04-11,17:17
INV088,V004,PO074,135071,2025-07-09,13:53
INV089,V002,PO003,77646,2025-08-24,16:55
INV090,V009,PO075,102439,2025-01-20,16:22
INV091,V012,PO102,204709,2025-02-09,17:24
INV092,V005,PO134,240394,2025-04-29,12:44
INV093,V002,PO027,67685,2025-07-30,12:54
INV094,V012,PO008,156274,2025-03-14,16:45
INV095,V005,PO096,220955,2025-04-11,11:31
INV096,V011,PO060,163805,2025-07-08,18:21
INV097,V006,PO107,196090,2025-06-24,16:06
INV098,V013,PO148,105632,2025-09-01,09:46
INV099,V006,PO053,171119,2025-03-18,11:04
INV100,V011,PO054,220141,2025-02-19,13:21
INV101,V013,PO009,118629,2025-08-27,10:54
INV102,V011,PO149,232269,2025-07-09,17:24
INV103,V014,PO091,230703,2025-06-17,16:55
INV104,V003,PO104,133762,2025-06-17,10:15
INV105,V003,PO089,176590,2025-08-24,10:27
INV106,V001,PO050,252582,2025-06-04,10:28
INV107,V005,PO030,269460,2025-06-30,09:02
INV108,V012,PO020,196718,2025-05-19,13:22
INV109,V014,PO018,166729,2025-04-25,12:33
INV110,V008,PO011,107127,2025-02-25,11:10
INV111,V001,PO070,282891,2025-09-01,15:39
INV112,V007,PO131,64906,2025-09-01,18:09
INV113,V009,PO043,152086,2025-06-26,13:29
INV114,V005,PO139,182500,2025-06-14,16:57
INV115,V011,PO140,199057,2025-05-04,11:04
INV116,V010,PO037,198586,2025-07-30,18:19
INV117,V013,PO092,144198,2025-07-04,16:54
INV118,V004,PO010,128138,2025-03-23,15:54
INV119,V004,PO147,133492,2025-08-22,15:36
INV120,V015,PO123,97558,2025-06-10,13:01
INV121,V012,PO031,164955,2025-07-25,18:55
INV122,V010,PO081,246901,2025-01-23,16:53
INV123,V007,PO063,71863,2025-03-15,12:38
INV124,V012,PO128,198836,2025-09-06,12:39
INV125,V001,PO100,218447,2025-06-22,11:40
INV126,V011,PO099,215445,2025-01-16,09:19
INV127,V011,PO036,183880,2025-05-25,14:46
INV128,V012,PO137,246076,2025-05-31,13:20
INV129,V002,PO108,73433,2025-08-29,11:50
INV130,V011,PO141,190155,2025-08-10,14:33
INV131,V004,PO097,126710,2025-05-27,11:16
INV132,V015,PO067,92087,2025-02-28,13:47
INV133,V014,PO116,173801,2025-03-09,16:04
INV134,V009,PO122,125138,2025-02-04,12:55
INV135,V001,PO041,212649,2025-02-03,17:23
INV136,V003,PO115,162289,2025-04-11,09:16
INV137,V003,PO110,161370,2025-08-28,14:43
INV138,V012,PO130,240135,2025-04-13,14:06
INV139,V011,PO114,256381,2025-03-18,18:56
INV140,V007,PO082,89301,2025-06-01,18:14
INV141,V007,PO136,92432,2025-06-26,16:58
INV142,V011,PO144,232736,2025-08-08,10:08
INV143,V013,PO035,113611,2025-08-13,13:31
INV144,V004,PO117,123998,2025-04-04,17:08
INV145,V005,PO032,240638,2025-02-11,17:26
INV146,V014,PO064,278968,2025-08-14,11:56
INV147,V012,PO013,264398,2025-02-02,16:39
INV148,V001,PO119,266251,2025-04-09,13:02
INV149,V002,PO133,89144,2025-05-22,16:15
INV150,V015,PO046,76048,2025-07-08,14:34
INV151,V007,PO057,67154,2025-06-30,13:12
INV152,V014,PO109,221280,2025-07-15,16:05
INV153,V011,PO028,209862,2025-04-16,18:01
INV154,V004,PO002,141340,2025-01-29,12:08
INV155,V005,PO033,198513,2025-01-20,17:13
INV156,V011,PO048,195674,2025-05-15,12:21
INV157,V011,PO143,173485,2025-06-24,18:00
INV158,V012,PO072,272081,2025-06-28,11:08
INV159,V007,PO058,75547,2025-05-18,11:07
INV160,V004,PO015,87773,2025-03-12,14:50
INV161,V005,PO019,164905,2025-08-21,09:11
INV162,V012,PO034,242239,2025-05-18,15:33
INV163,V006,PO125,256022,2025-04-26,16:28
INV164,V009,PO045,160407,2025-03-08,10:28
INV165,V012,PO135,183678,2025-03-08,18:02
INV166,V012,PO055,255075,2025-06-14,09:03
INV167,V005,PO106,203558,2025-09-04,15:43
INV168,V015,PO016,83255,2025-03-02,16:04
INV169,V006,PO061,253746,2025-03-08,11:04
INV170,V011,PO121,211959,2025-08-09,18:35
INV171,V008,PO005,100020,2025-02-01,18:33
INV172,V009,PO023,136055,2025-06-09,18:27
INV173,V015,PO007,95102,2025-02-23,10:54
INV174,V006,PO086,279457,2025-01-21,12:27
INV175,V010,PO126,294505,2025-04-24,15:21
INV176,V006,PO083,271311,2025-07-06,10:20
INV177,V001,PO076,241056,2025-09-07,13:23
INV178,V003,PO085,152154,2025-05-03,16:04
INV179,V002,PO079,92790,2025-04-17,10:27
INV180,V004,PO090,105666,2025-04-27,14:51
INV181,V002,PO080,101910,2025-03-10,18:35
INV182,V014,PO065,259974,2025-01-31,10:26
INV183,V013,PO129,138535,2025-09-10,15:55
INV184,V007,PO024,106237,2025-04-05,18:19
INV003,V001,PO039,569227,2025-09-04,23:47
INV021,V002,PO003,78571,2025-09-05,14:10
INV022,V002,PO003,78571,2025-09-06,10:05
INV045,V003,,259552,2025-09-07,16:20
